year,month,a0,a1,a2,a3
2014,4,0,0.978448,0.0215517,0
2015,4,0,0.848375,0.151625,0
2016,4,0,0.931298,0.0610687,0.00763359
2017,4,0,0.95122,0.0487805,0
2018,4,0,0.920561,0.0747664,0.0046729
2019,4,0,0.828125,0.171875,0
2020,3,0,0.76259,0.21223,0.0251799
2021,3,0,0.611111,0.367521,0.0213675
2022,3,0,0.76087,0.201087,0.0380435
2023,3,0,0.591463,0.335366,0.0731707
